CategoryLetter,FullTitle,PublicationYear,PageNumber
1500,A Mighty Fortress Is Our God,1529,
1700,At The Cross,1707,
,When I Survey The Wondrous Cross,1707,
,And Can It Be (Amazing Love),1738,
,Christ The Lord Is Risen Today,1739,
,Come Thou Fount,1758,
,There Is A Fountain,1772,
,Amazing Grace,1779,
,How Firm A Foundation,1787,
1800,Holy Holy Holy,1826,
,"Solid Rock, The",1834,
,Just As I Am,1835,
,Nearer My God To Thee,1841,
,Crown Him With Many Crowns,1851,
,What A Friend We Have In Jesus,1855,
,Mine Eyes Have Seen The Glory (Battle Hymn),1862,
,Jesus Paid It All,1865,
,Onward Christian Soldiers,1865,
,Blessed Assurance,1873,
,It Is Well With My Soul,1873,
,Like A River Glorious,1874,
,Take My Life And Let It Be,1874,
,O The Deep Deep Love Of Jesus,1875,
,To God Be The Glory,1875,
,I Will Sing Of My Redeemer,1876,
,Jesus I Am Resting,1876,
,Are You Washed In The Blood,1878,
,Tis So Sweet To Trust In Jesus,1882,
,I Know Whom I Have Believed,1883,
,I Will Sing The Wondrous Story,1886,
,Trust And Obey,1887,
,When The Roll Is Called Up Yonder,1893,
,I Surrender All,1896,
1900,I Stand Amazed (My Savior's Love),1905,
,Be Thou My Vision,1912,
,"Love Of God, The",1917,
,Great Is Thy Faithfulness,1923,
,I'll Fly Away,1932,
,Victory In Jesus (I Heard An Old Old Story),1939,
,How Great Thou Art,1953,
,Because He Lives,1971,
,Seek Ye First,1972,
1980,Majesty,1981,
,There Is A Redeemer,1982,
,As The Deer,1984,
,Hosanna,1985,
,Lamb Of God,1985,
,All Heaven Declares,1987,
,I Stand In Awe,1987,
,Lord I Lift Your Name On High,1989,
,Wonderful Merciful Savior,1989,
1990,Behold The Lord,1991,
,You Are My All In All,1991,
,"Power Of Your Love, The",1992,
,Knowing You (All I Once Held Dear),1993,
,Shout To The Lord,1993,
,You Are Holy (Prince Of Piece),1994,
,Better Is One Day,1995,
,How Deep The Father's Love For Us,1995,
,Once Again,1995,
,Days Of Elijah,1996,
,You Are My King (Amazing Love),1996,
,Before The Throne Of God Above,1997,
,Open The Eyes Of My Heart,1997,
,Come Now Is The Time To Worship,1998,
,My Redeemer Lives,1998,
,Above All,1999,
,"Heart Of Worship, The",1999,
2000,God Of Wonders,2000,
,Here I Am To Worship,2000,
,"Wonderful Cross, The",2000,
,Ancient Words,2001,
,Forever,2001,
,In Christ Alone,2001,
,Beautiful One,2002,
,Blessed Be Your Name,2002,
,I Can Only Imagine,2002,
,Still (Hide Me Now),2002,
,He Reigns,2003,
,Who Am I,2003,
,Your Grace Is Enough,2003,
,Here Is Love,2004,
,How Great Is Our God,2004,
,Indescribable,2004,
,Majesty (Here I Am),2004,
,Revelation Song,2004,
,You Are God Alone (Not A God),2004,
,Came To My Rescue,2005,
,Everlasting God,2005,
,From The Inside Out,2005,
,O Church Arise,2005,
,"Power Of The Cross, The",2005,
,Praise You In This Storm,2005,
,"Stand, The",2005,
,Sweetly Broken,2005,
,Amazing Grace (My Chains Are Gone),2006,
,God Of This City,2006,
,Hosanna (I See The King Of Glory),2006,
,Hosanna (Praise Is Rising),2006,
,Lead Me To The Cross (Quiet I Come),2006,
,Mighty To Save,2006,
,Healer,2007,
,Stronger,2007,
,I Will Rise,2008,
,Jesus Messiah,2008,
,Your Great Name,2008,
,Your Love Never Fails,2008,
,Break Every Chain,2009,
,Glorious Day (Living He Loved Me),2009,
,Just As I Am (I Come Broken),2009,
,This Is My Father's World,2009,
2010,All To Us,2010,
,Faithful,2010,
,I Lift My Hands,2010,
,I Will Follow,2010,
,One Thing Remains (Your Love Never Fails),2010,
,Our God (Water You Turned Into Wine),2010,
,Rooftops,2010,
,"10,000 Reasons (Bless The Lord)",2011,
,All The Poor And Powerless,2011,
,Behold Our God,2011,
,Build Your Kingdom Here,2011,
,Cornerstone,2011,
,Great I Am,2011,
,Here For You,2011,
,Holy (Wedding Day),2011,
,Lord I Need You,2011,
,All Glory Be To Christ,2012,
,Christ Is Enough,2012,
,Great Are You Lord,2012,
,Hallelujah For The Cross (Up To The Hill),2012,
,Jesus Son Of God,2012,
,Lay Me Down,2012,
,Man Of Sorrows,2012,
,Mountain,2012,
,Oceans (Where Feet May Fail),2012,
,Scandal Of Grace,2012,
,This Is Amazing Grace,2012,
,Whom Shall I Fear (God Of Angel Armies),2012,
,Your Presence Is Heaven,2012,
,Crown Him (Majesty),2013,
,Forever (We Sing Hallelujah),2013,
,It Is Well (Grander Earth),2013,
,"Lord Our God, The",2013,
,Mercy,2013,
,My Lighthouse,2013,
,Victor's Crown,2013,
,At The Cross (Love Ran Red),2014,
,Broken Vessels (Amazing Grace),2014,
,Christ The Lord Is Risen Today (He Is Not Dead),2014,
,Ever Be,2014,
,Good Good Father,2014,
,No Longer Slaves,2014,
,Be Enthroned,2015,
,Death Was Arrested,2015,
,Even So Come,2015,
,King Of My Heart,2015,
,"Lion And The Lamb, The",2015,
,O Come To The Altar,2015,
,O Praise The Name,2015,
,Oh What Love,2015,
,Resurrecting,2015,
,We Believe,2015,
,Build My Life,2016,
,Do It Again,2016,
,Forgiven,2016,
,"Lord Is My Salvation, The",2016,
,Mountain (You're Wonderful),2016,
,Tremble,2016,
,Way Maker,2016,
,What A Beautiful Name,2016,
,Death Where Is Your Sting,2017,
,Glorious Day,2017,
,Gracefully Broken,2017,
,Living Hope,2017,
,New Wine,2017,
,Reckless Love,2017,
,So Will I (100 Billion X),2017,
,Who You Say I Am,2017,
,Another In The Fire,2018,
,Great Is Thy Faithfulness (Beginning To End),2018,
,Hallelujah For The Cross,2018,
,Here Again,2018,
,Jesus Is Alive,2018,
,Yet Not I But Through Christ In Me,2018,
,King Of Kings,2019,
