CategoryLetter,FullTitle,Key,PageNumber
A,Above All,A,
,All Heaven Declares,A,
,All The Poor And Powerless,A,
,Days Of Elijah,A,
,Do It Again,A,
,Everlasting God,A,
,Forever,A,
,Forever (We Sing Hallelujah),A,
,Good Good Father,A,
,Gracefully Broken,A,
,Great Are You Lord,A,
,Hallelujah For The Cross (Up To The Hill),A,
,Holy (Wedding Day),A,
,I Stand In Awe,A,
,I Will Follow,A,
,Just As I Am (I Come Broken),A,
,King Of My Heart,A,
,"Lord Is My Salvation, The",A,
,Majesty,A,
,Majesty (Here I Am),A,
,Mighty To Save,A,
,New Wine,A,
,No Longer Slaves,A,
,"Power Of The Cross, The",A,
,"Power Of Your Love, The",A,
,Shout To The Lord,A,
,So Will I (100 Billion X),A,
,"Stand, The",A,
,There Is A Fountain,A,
,Who You Say I Am,A,
,You Are God Alone (Not A God),A,
,Your Love Never Fails,A,
B,Blessed Be Your Name,B,
,Christ Is Enough,B,
,Death Was Arrested,B,
,Forgiven,B,
,Glorious Day (Living He Loved Me),B,
,Healer,B,
,How Great Thou Art,B,
,I Lift My Hands,B,
,I Will Rise,B,
,Jesus Messiah,B,
,Jesus Son Of God,B,
,"Lion And The Lamb, The",B,
,Lord I Need You,B,
,Mountain (You're Wonderful),B,
,O Come To The Altar,B,
,Our God (Water You Turned Into Wine),B,
,Sweetly Broken,B,
,Who Am I,B,
C,A Mighty Fortress Is Our God,C,
,Another In The Fire,C,
,Be Enthroned,C,
,Behold Our God,C,
,Came To My Rescue,C,
,Christ The Lord Is Risen Today,C,
,Christ The Lord Is Risen Today (He Is Not Dead),C,
,Cornerstone,C,
,Death Where Is Your Sting,C,
,From The Inside Out,C,
,God Of This City,C,
,Great Is Thy Faithfulness (Beginning To End),C,
,Here Again,C,
,How Great Is Our God,C,
,I Know Whom I Have Believed,C,
,It Is Well With My Soul,C,
,Jesus Is Alive,C,
,Jesus Paid It All,C,
,Just As I Am,C,
,Knowing You (All I Once Held Dear),C,
,Lamb Of God,C,
,Lay Me Down,C,
,"Lord Our God, The",C,
,Mercy,C,
,My Lighthouse,C,
,O Praise The Name,C,
,Resurrecting,C,
,Scandal Of Grace,C,
,Seek Ye First,C,
,Still (Hide Me Now),C,
,Stronger,C,
,Tremble,C,
,Victor's Crown,C,
,Whom Shall I Fear (God Of Angel Armies),C,
,Wonderful Merciful Savior,C,
,Yet Not I But Through Christ In Me,C,
,Your Great Name,C,
D,As The Deer,D,
,At The Cross,D,
,Be Thou My Vision,D,
,Beautiful One,D,
,Before The Throne Of God Above,D,
,Blessed Assurance,D,
,Build Your Kingdom Here,D,
,Come Now Is The Time To Worship,D,
,Come Thou Fount,D,
,Crown Him (Majesty),D,
,Crown Him With Many Crowns,D,
,Ever Be,D,
,Glorious Day,D,
,Great I Am,D,
,Great Is Thy Faithfulness,D,
,Hallelujah For The Cross,D,
,"Heart Of Worship, The",D,
,Holy Holy Holy,D,
,How Deep The Father's Love For Us,D,
,I Can Only Imagine,D,
,I Surrender All,D,
,I Will Sing Of My Redeemer,D,
,In Christ Alone,D,
,King Of Kings,D,
,Lead Me To The Cross (Quiet I Come),D,
,Living Hope,D,
,"Love Of God, The",D,
,Mountain,D,
,O Church Arise,D,
,Oceans (Where Feet May Fail),D,
,Oh What Love,D,
,Once Again,D,
,Revelation Song,D,
,There Is A Redeemer,D,
,This Is My Father's World,D,
,We Believe,D,
,What A Beautiful Name,D,
,"Wonderful Cross, The",D,
,Your Presence Is Heaven,D,
E,All Glory Be To Christ,E,
,Ancient Words,E,
,Better Is One Day,E,
,Here I Am To Worship,E,
,Hosanna (I See The King Of Glory),E,
,My Redeemer Lives,E,
,Open The Eyes Of My Heart,E,
,Rooftops,E,
,Way Maker,E,
,You Are My King (Amazing Love),E,
Em,O The Deep Deep Love Of Jesus,Em,
F,Amazing Grace (My Chains Are Gone),F,
,Break Every Chain,F,
,Faithful,F,
,I Will Sing The Wondrous Story,F,
,Like A River Glorious,F,
,Man Of Sorrows,F,
,Nearer My God To Thee,F,
,Onward Christian Soldiers,F,
,Praise You In This Storm,F,
,Reckless Love,F,
,"Solid Rock, The",F,
,Take My Life And Let It Be,F,
,Trust And Obey,F,
,What A Friend We Have In Jesus,F,
,When I Survey The Wondrous Cross,F,
,You Are My All In All,F,
G,"10,000 Reasons (Bless The Lord)",G,
,All To Us,G,
,Amazing Grace,G,
,And Can It Be (Amazing Love),G,
,Are You Washed In The Blood,G,
,At The Cross (Love Ran Red),G,
,Because He Lives,G,
,Behold The Lord,G,
,Broken Vessels (Amazing Grace),G,
,Build My Life,G,
,Even So Come,G,
,God Of Wonders,G,
,He Reigns,G,
,Here For You,G,
,Here Is Love,G,
,Hosanna,G,
,Hosanna (Praise Is Rising),G,
,How Firm A Foundation,G,
,I Stand Amazed (My Savior's Love),G,
,I'll Fly Away,G,
,Indescribable,G,
,It Is Well (Grander Earth),G,
,Jesus I Am Resting,G,
,Lord I Lift Your Name On High,G,
,Mine Eyes Have Seen The Glory (Battle Hymn),G,
,One Thing Remains (Your Love Never Fails),G,
,This Is Amazing Grace,G,
,Tis So Sweet To Trust In Jesus,G,
,To God Be The Glory,G,
,Victory In Jesus (I Heard An Old Old Story),G,
,When The Roll Is Called Up Yonder,G,
,You Are Holy (Prince Of Piece),G,
,Your Grace Is Enough,G,
